{
    "pathToBlendFile": "Cube.blend",
    "meshList": [
		{
            "name": "MECube",
            "color": "#62a34c"
        },
        {
            "name": "MEDirt",
            "color": "#806020"
        },
        {
            "name": "MEGrass",
            "color": "#80AA20"
        },
        {
            "name": "MEMill",
            "color": "#CCCCCC"
        },
        {
            "name": "MEMillBase",
            "color": "#CCCCAA"
        },
        {
            "name": "MEMillPropeller",
            "color": "#602000"
        },
        {
            "name": "MEMillRoof",
            "color": "#ff6500"
        },
        {
            "name": "MEPlane",
            "color": "#C090060"
        },
        {
            "name": "MEPlanePropeller",
            "color": "#E02020"
        },
        {
            "name": "MEShip",
            "color": "#CCAA77"
        },
        {
            "name": "METreeLeaves",
            "color": "#80FF80"
        },
        {
            "name": "METreeTrunk",
            "color": "#403010"
        },
        {
            "name": "MEWater",
            "color": "#6070F0"
        }
    ]
}
