{
    "pathToBlendFile": "1.17.blend",
    "meshList": [
		{
            "name": "MESphere",
            "color": "#edc948"
        },
        {
            "name": "MEArtery",
            "color": "#e15759"
        },
        {
            "name": "MEVenoussystem",
            "color": "#76b7b2"
        },
        {
            "name": "MELiver",
            "color": "#bab0ac"
        },
        {
            "name": "MEPortalvein",
            "color": "#4e79a7"
        }
    ]
}
