"Timestamp","Teilnehmer ID","Geschlecht","Alter","Sehbehinderung ","Hintergrund","Medizinische Funktion","Medizinische Erfahrung","PC experience","Virtual-Reality-Erfahrung","Gruppe","Ich denke, dass ich das System gerne häufig benutzen würde","Ich fand das System unnötig komplex","Ich fand das System einfach zu benutzen","Ich glaube, ich würde die Hilfe einer technisch versierten Person benötigen, um das System benutzen zu können","Ich fand, die verschiedenen Funktionen in diesem System waren gut integriert","Ich denke, das System enthielt zu viele Inkonsistenzen","Ich kann mir vorstellen, dass die meisten Menschen den Umgang mit diesem System sehr schnell lernen","Ich fand das System sehr umständlich zu nutzen","Ich fühlte mich bei der Benutzung des Systems sehr sicher","Ich musste eine Menge lernen, bevor ich anfangen konnte das System zu verwenden","Ich denke, dass ich das System gerne häufig benutzen würde","Ich fand das System unnötig komplex","Ich fand das System einfach zu benutzen","Ich glaube, ich würde die Hilfe einer technisch versierten Person benötigen, um das System benutzen zu können","Ich fand, die verschiedenen Funktionen in diesem System waren gut integriert","Ich denke, das System enthielt zu viele Inkonsistenzen","Ich kann mir vorstellen, dass die meisten Menschen den Umgang mit diesem System sehr schnell lernen","Ich fand das System sehr umständlich zu nutzen","Ich fühlte mich bei der Benutzung des Systems sehr sicher","Ich musste eine Menge lernen, bevor ich anfangen konnte das System zu verwenden","Big Five Inventory (BFI-K) [Ich bin eher zurückhaltend, reserviert]","Big Five Inventory (BFI-K) [Ich neige dazu, andere zu kritisieren]","Big Five Inventory (BFI-K) [Ich erledige Aufgaben gründlich]","Big Five Inventory (BFI-K) [Ich werde leicht deprimiert, niedergeschlagen]","Big Five Inventory (BFI-K) [Ich bin vielseitig interessiert]","Big Five Inventory (BFI-K) [Ich bin begeisterungsfähig und kann andere leicht mitreißen]","Big Five Inventory (BFI-K) [Ich schenke anderen leicht Vertrauen, glaube an das Gute im Menschen]","Big Five Inventory (BFI-K) [Ich bin bequem, neige zur Faulheit]","Big Five Inventory (BFI-K) [Ich bin entspannt, lasse mich durch Stress nicht aus der Ruhe bringen]","Big Five Inventory (BFI-K) [Ich bin tiefsinnig, denke gerne über Sachen nach]","Big Five Inventory (BFI-K) [Ich bin eher der „stille Typ“, wortkarg]","Big Five Inventory (BFI-K) [Ich kann mich kalt und distanziert verhalten]","Big Five Inventory (BFI-K) [Ich bin tüchtig und arbeite flott]","Big Five Inventory (BFI-K) [Ich mache mir viele Sorgen]","Big Five Inventory (BFI-K) [Ich habe eine aktive Vorstellungskraft, bin phantasievoll]","Big Five Inventory (BFI-K) [Ich gehe aus mir heraus, bin gesellig]","Big Five Inventory (BFI-K) [Ich kann mich schroff und abweisend anderen gegenüber verhalten]","Big Five Inventory (BFI-K) [Ich mache Pläne und führe sie auch durch]","Big Five Inventory (BFI-K) [Ich werde leicht nervös und unsicher]","Big Five Inventory (BFI-K) [Ich schätze künstlerische und ästhetische Eindrücke]","Big Five Inventory (BFI-K) [Ich habe nur wenig künstlerisches Interesse]","Anmerkungen"
"2019/08/26 5:57:49 pm CET","5","Weiblich","42","Korrigiert (Du hast heute eine Brille oder Kontaktlinsen getragen)","Medizinisch","Oberarzt","Über 10 Jahre","Über 10 Jahre","< 2 Jahre","Leber in der virtuellen Realität","4","1","4","2","5","1","3","1","4","1","3","2","2","1","4","1","1","3","3","1","eher zutreffend","eher zutreffend","sehr zutreffend","eher zutreffend","sehr zutreffend","sehr zutreffend","eher unzutreffend","eher zutreffend","sehr zutreffend","sehr zutreffend","eher unzutreffend","eher zutreffend","eher zutreffend","weder noch","eher zutreffend","weder noch","eher zutreffend","eher zutreffend","sehr unzutreffend","eher zutreffend","eher unzutreffend",""
"2019/08/29 4:53:45 pm CET","38","Männlich","23","Normal","Nicht medizinisch","Gilt nicht","2 - 4 Jahre","6 - 10 Jahre","2 - 4 Jahre","Leber auf einem Computerbildschirm","3","2","5","1","5","1","4","1","4","1","4","2","4","1","5","1","4","2","5","1","eher unzutreffend","eher zutreffend","eher zutreffend","sehr unzutreffend","sehr zutreffend","eher zutreffend","weder noch","eher zutreffend","eher zutreffend","weder noch","eher zutreffend","sehr zutreffend","eher zutreffend","eher unzutreffend","eher zutreffend","eher zutreffend","eher zutreffend","eher zutreffend","eher unzutreffend","sehr unzutreffend","eher zutreffend",""
"2019/09/12 12:59:53 pm CET","73","Männlich","45","Normal","Nicht medizinisch","Gilt nicht","0","Über 10 Jahre","< 2 Jahre","Pyramide in der virtuellen Realität","5","1","4","1","5","1","4","1","5","1","3","2","2","1","5","2","5","2","3","2","eher unzutreffend","eher unzutreffend","eher zutreffend","eher unzutreffend","eher zutreffend","eher zutreffend","eher zutreffend","eher zutreffend","eher zutreffend","weder noch","eher unzutreffend","sehr unzutreffend","eher zutreffend","eher unzutreffend","weder noch","eher zutreffend","sehr unzutreffend","eher zutreffend","eher unzutreffend","eher zutreffend","weder noch",""
"2019/09/12 1:53:45 pm CET","11","Weiblich","27","Normal","Nicht medizinisch","Gilt nicht","0","Über 10 Jahre","< 2 Jahre","Leber in der virtuellen Realität","4","1","5","1","4","2","4","2","4","1","3","3","2","3","3","2","3","4","2","1","sehr zutreffend","eher zutreffend","eher zutreffend","weder noch","eher zutreffend","eher unzutreffend","eher zutreffend","weder noch","eher zutreffend","sehr zutreffend","sehr zutreffend","sehr zutreffend","eher zutreffend","eher zutreffend","sehr zutreffend","sehr unzutreffend","eher zutreffend","eher zutreffend","eher zutreffend","sehr zutreffend","eher unzutreffend",""
"2019/09/12 3:13:38 pm CET","83","Männlich","27","Normal","Nicht medizinisch","Gilt nicht","0","Über 10 Jahre","0","Pyramide auf einem Computerbildschirm","3","1","4","1","3","1","4","2","4","1","3","2","4","1","5","1","4","2","4","1","eher zutreffend","eher unzutreffend","eher zutreffend","weder noch","sehr zutreffend","eher zutreffend","eher unzutreffend","eher zutreffend","eher zutreffend","sehr zutreffend","eher zutreffend","eher zutreffend","weder noch","eher zutreffend","sehr zutreffend","eher unzutreffend","weder noch","sehr zutreffend","sehr unzutreffend","eher zutreffend","eher unzutreffend",""
"2019/09/12 5:22:28 pm CET","10","Weiblich","29","Normal","Medizinisch","Assistenzarzt","< 2 Jahre","Über 10 Jahre","0","Leber in der virtuellen Realität","5","2","5","3","4","1","3","2","3","2","2","4","2","4","1","4","2","5","2","4","eher zutreffend","eher zutreffend","sehr zutreffend","weder noch","eher zutreffend","sehr unzutreffend","eher unzutreffend","eher unzutreffend","eher zutreffend","eher zutreffend","eher zutreffend","weder noch","weder noch","eher unzutreffend","eher zutreffend","weder noch","sehr unzutreffend","eher zutreffend","weder noch","sehr zutreffend","sehr unzutreffend",""
"2019/09/13 9:46:17 am CET","82","Weiblich","40","Korrigiert (Du hast heute eine Brille oder Kontaktlinsen getragen)","Nicht medizinisch","Gilt nicht","0","Über 10 Jahre","0","Pyramide auf einem Computerbildschirm","2","3","4","3","4","3","4","2","3","2","4","2","4","3","4","2","4","2","3","2","eher zutreffend","eher zutreffend","eher zutreffend","eher zutreffend","eher zutreffend","weder noch","eher zutreffend","eher unzutreffend","eher unzutreffend","eher zutreffend","eher zutreffend","eher zutreffend","eher zutreffend","eher zutreffend","eher zutreffend","eher unzutreffend","eher zutreffend","eher zutreffend","eher zutreffend","eher zutreffend","sehr unzutreffend",""
"2019/09/13 1:45:11 pm CET","67","Weiblich","50","Normal","Medizinisch","Gilt nicht","Über 10 Jahre","Über 10 Jahre","< 2 Jahre","Pyramide in der virtuellen Realität","2","2","4","2","4","2","5","1","4","1","2","1","3","2","3","3","4","2","3","1","weder noch","eher unzutreffend","sehr zutreffend","eher unzutreffend","eher zutreffend","eher zutreffend","weder noch","eher unzutreffend","eher zutreffend","eher zutreffend","eher unzutreffend","eher zutreffend","eher zutreffend","eher unzutreffend","eher zutreffend","eher zutreffend","eher unzutreffend","eher zutreffend","eher zutreffend","eher zutreffend","eher unzutreffend",""
"2019/09/13 2:52:54 pm CET","75","Männlich","29","Korrigiert (Du hast heute eine Brille oder Kontaktlinsen getragen)","Nicht medizinisch","Gilt nicht","0","Über 10 Jahre","< 2 Jahre","Pyramide auf einem Computerbildschirm","4","2","4","1","3","1","4","2","5","1","2","2","2","1","3","3","4","4","2","1","eher zutreffend","weder noch","eher zutreffend","weder noch","eher unzutreffend","eher unzutreffend","weder noch","sehr zutreffend","eher zutreffend","weder noch","eher zutreffend","sehr zutreffend","eher unzutreffend","weder noch","eher unzutreffend","eher unzutreffend","sehr zutreffend","weder noch","weder noch","eher unzutreffend","eher zutreffend",""
"2019/09/13 4:52:02 pm CET","97","Weiblich","25","Normal","Medizinisch","Gilt nicht","< 2 Jahre","Über 10 Jahre","< 2 Jahre","Pyramide auf einem Computerbildschirm","4","1","5","1","5","1","5","1","4","1","4","1","5","1","5","1","5","1","4","1","eher zutreffend","eher zutreffend","eher zutreffend","eher zutreffend","sehr zutreffend","weder noch","sehr zutreffend","weder noch","eher zutreffend","eher zutreffend","eher zutreffend","weder noch","weder noch","eher zutreffend","eher zutreffend","eher unzutreffend","weder noch","eher zutreffend","sehr zutreffend","eher zutreffend","eher unzutreffend",""
"2019/09/16 9:09:51 am CET","96","Männlich","33","Korrigiert (Du hast heute eine Brille oder Kontaktlinsen getragen)","Nicht medizinisch","Gilt nicht","0","Über 10 Jahre","0","Pyramide auf einem Computerbildschirm","4","1","4","1","5","2","4","3","4","1","4","2","3","2","2","2","4","3","4","2","eher unzutreffend","eher unzutreffend","eher zutreffend","eher unzutreffend","sehr zutreffend","sehr zutreffend","eher zutreffend","eher unzutreffend","weder noch","sehr zutreffend","eher unzutreffend","eher unzutreffend","eher zutreffend","eher unzutreffend","eher zutreffend","eher zutreffend","eher unzutreffend","sehr zutreffend","sehr unzutreffend","weder noch","weder noch",""
"2019/09/16 9:58:42 am CET","77","Weiblich","20","Normal","Nicht medizinisch","Gilt nicht","0","6 - 10 Jahre","0","Pyramide auf einem Computerbildschirm","1","2","4","1","5","1","4","1","3","3","1","2","4","1","4","1","5","1","3","1","sehr unzutreffend","eher unzutreffend","eher zutreffend","sehr zutreffend","sehr zutreffend","eher zutreffend","sehr zutreffend","eher unzutreffend","sehr unzutreffend","sehr zutreffend","sehr unzutreffend","eher unzutreffend","weder noch","sehr zutreffend","weder noch","eher zutreffend","weder noch","eher zutreffend","sehr zutreffend","eher unzutreffend","eher zutreffend",""
"2019/09/16 1:34:15 pm CET","15","Weiblich","32","Korrigiert (Du hast heute eine Brille oder Kontaktlinsen getragen)","Nicht medizinisch","Gilt nicht","0","Über 10 Jahre","2 - 4 Jahre","Leber in der virtuellen Realität","5","2","5","1","5","1","4","1","5","2","4","2","3","1","4","2","5","2","4","1","sehr unzutreffend","eher unzutreffend","eher zutreffend","sehr unzutreffend","sehr zutreffend","sehr zutreffend","eher zutreffend","eher unzutreffend","sehr zutreffend","sehr zutreffend","sehr unzutreffend","eher unzutreffend","sehr zutreffend","sehr unzutreffend","eher zutreffend","sehr zutreffend","eher unzutreffend","sehr zutreffend","sehr unzutreffend","sehr zutreffend","sehr unzutreffend",""
"2019/09/16 2:11:11 pm CET","68","Weiblich","23","Korrigiert (Du hast heute eine Brille oder Kontaktlinsen getragen)","Nicht medizinisch","Gilt nicht","0","Über 10 Jahre","0","Pyramide in der virtuellen Realität","3","1","5","1","4","1","4","1","4","1","3","1","4","3","5","1","4","2","4","1","eher unzutreffend","eher zutreffend","sehr zutreffend","eher zutreffend","eher zutreffend","eher zutreffend","sehr zutreffend","sehr zutreffend","eher zutreffend","eher zutreffend","sehr unzutreffend","eher zutreffend","eher unzutreffend","eher zutreffend","eher unzutreffend","sehr zutreffend","eher unzutreffend","weder noch","eher unzutreffend","sehr zutreffend","sehr unzutreffend",""
"2019/09/17 10:31:41 am CET","76","Weiblich","38","Korrigiert (Du hast heute eine Brille oder Kontaktlinsen getragen)","Nicht medizinisch","Gilt nicht","0","Über 10 Jahre","0","Pyramide auf einem Computerbildschirm","5","1","4","1","5","1","5","1","5","2","4","1","4","3","4","1","3","2","3","2","eher zutreffend","eher unzutreffend","eher zutreffend","weder noch","sehr zutreffend","eher unzutreffend","eher zutreffend","eher unzutreffend","eher unzutreffend","sehr zutreffend","eher zutreffend","weder noch","eher zutreffend","eher zutreffend","eher unzutreffend","weder noch","eher unzutreffend","eher zutreffend","weder noch","eher zutreffend","sehr unzutreffend",""
"2019/09/17 1:08:42 pm CET","14","Männlich","19","Normal","Nicht medizinisch","Gilt nicht","0","4 - 6 Jahre","< 2 Jahre","Leber in der virtuellen Realität","4","2","3","1","4","1","5","1","4","1","5","2","4","1","4","1","4","2","4","1","eher zutreffend","eher unzutreffend","eher zutreffend","eher unzutreffend","sehr zutreffend","eher zutreffend","eher unzutreffend","eher unzutreffend","weder noch","sehr zutreffend","weder noch","eher unzutreffend","eher zutreffend","eher zutreffend","weder noch","eher zutreffend","eher unzutreffend","eher zutreffend","eher zutreffend","weder noch","weder noch",""
"2019/09/17 1:32:20 pm CET","79","Männlich","23","Korrigiert (Du hast heute eine Brille oder Kontaktlinsen getragen)","Nicht medizinisch","Gilt nicht","0","Über 10 Jahre","< 2 Jahre","Pyramide auf einem Computerbildschirm","3","2","4","1","4","2","4","2","4","1","3","2","4","1","4","2","5","1","4","2","sehr unzutreffend","weder noch","eher unzutreffend","weder noch","eher zutreffend","weder noch","eher zutreffend","weder noch","eher zutreffend","eher zutreffend","sehr zutreffend","weder noch","weder noch","weder noch","weder noch","sehr unzutreffend","weder noch","eher zutreffend","eher unzutreffend","eher zutreffend","sehr unzutreffend",""
"2019/09/17 2:26:49 pm CET","78","Männlich","23","Korrigiert (Du hast heute eine Brille oder Kontaktlinsen getragen)","Nicht medizinisch","Gilt nicht","0","Über 10 Jahre","0","Pyramide auf einem Computerbildschirm","4","1","5","1","4","1","5","1","5","1","3","1","4","1","4","1","4","1","4","1","eher zutreffend","weder noch","sehr zutreffend","sehr unzutreffend","sehr zutreffend","eher zutreffend","eher zutreffend","eher unzutreffend","eher zutreffend","eher zutreffend","eher zutreffend","eher zutreffend","eher zutreffend","eher unzutreffend","weder noch","weder noch","weder noch","eher zutreffend","weder noch","weder noch","weder noch",""
"2019/09/18 10:06:36 am CET","13","Weiblich","24","Korrigiert (Du hast heute eine Brille oder Kontaktlinsen getragen)","Nicht medizinisch","Gilt nicht","0","4 - 6 Jahre","< 2 Jahre","Leber in der virtuellen Realität","5","2","4","3","4","1","5","1","4","1","5","1","5","3","4","2","5","1","5","1","eher unzutreffend","weder noch","eher zutreffend","eher unzutreffend","sehr zutreffend","eher zutreffend","sehr zutreffend","eher zutreffend","eher zutreffend","sehr zutreffend","weder noch","eher zutreffend","weder noch","weder noch","weder noch","eher zutreffend","sehr zutreffend","sehr zutreffend","sehr unzutreffend","weder noch","weder noch",""
"2019/09/18 10:09:05 am CET","13","Weiblich","24","Korrigiert (Du hast heute eine Brille oder Kontaktlinsen getragen)","Nicht medizinisch","Gilt nicht","0","4 - 6 Jahre","< 2 Jahre","Leber in der virtuellen Realität","5","2","5","3","4","3","5","1","5","2","5","1","5","3","1","3","5","1","5","2","eher unzutreffend","weder noch","eher zutreffend","eher unzutreffend","sehr zutreffend","sehr zutreffend","sehr zutreffend","eher unzutreffend","eher zutreffend","eher zutreffend","weder noch","eher zutreffend","eher unzutreffend","eher zutreffend","weder noch","sehr zutreffend","sehr zutreffend","eher zutreffend","eher unzutreffend","weder noch","weder noch",""
"2019/09/18 10:52:49 am CET","30","Weiblich","24","Normal","Nicht medizinisch","Gilt nicht","0","Über 10 Jahre","< 2 Jahre","Leber auf einem Computerbildschirm","5","1","5","4","5","1","5","1","5","2","5","1","5","4","5","1","4","2","5","4","weder noch","eher unzutreffend","weder noch","weder noch","sehr zutreffend","eher zutreffend","eher zutreffend","weder noch","eher unzutreffend","sehr zutreffend","eher unzutreffend","eher unzutreffend","weder noch","eher zutreffend","sehr zutreffend","eher zutreffend","eher unzutreffend","eher unzutreffend","weder noch","eher zutreffend","eher unzutreffend",""
"2019/09/20 2:43:01 pm CET","30","Weiblich","24","Normal","Nicht medizinisch","Gilt nicht","0","Über 10 Jahre","< 2 Jahre","Leber auf einem Computerbildschirm","5","1","5","4","5","1","5","1","5","2","5","1","5","4","5","1","4","2","5","4","weder noch","eher unzutreffend","weder noch","weder noch","sehr zutreffend","eher zutreffend","eher zutreffend","weder noch","eher unzutreffend","sehr zutreffend","eher unzutreffend","eher unzutreffend","weder noch","eher zutreffend","sehr zutreffend","eher zutreffend","eher unzutreffend","eher unzutreffend","weder noch","eher zutreffend","eher unzutreffend",""
"2019/09/20 2:50:07 pm CET","29","Weiblich","27","Korrigiert (Du hast heute eine Brille oder Kontaktlinsen getragen)","Nicht medizinisch","Gilt nicht","0","Über 10 Jahre","2 - 4 Jahre","Leber auf einem Computerbildschirm","4","1","4","1","4","2","5","1","5","1","3","2","3","1","4","2","4","2","3","2","eher unzutreffend","sehr unzutreffend","eher zutreffend","eher unzutreffend","sehr zutreffend","sehr zutreffend","eher zutreffend","eher unzutreffend","weder noch","eher zutreffend","sehr unzutreffend","sehr unzutreffend","eher zutreffend","eher unzutreffend","eher zutreffend","weder noch","eher unzutreffend","sehr zutreffend","weder noch","eher zutreffend","eher unzutreffend",""
"2019/09/20 3:32:41 pm CET","80","Weiblich","24","Normal","Medizinisch","Gilt nicht","< 2 Jahre","Über 10 Jahre","0","Pyramide auf einem Computerbildschirm","4","1","4","2","5","1","4","2","4","1","3","2","4","1","2","2","4","2","3","3","eher unzutreffend","eher unzutreffend","eher zutreffend","eher unzutreffend","eher zutreffend","eher zutreffend","eher zutreffend","weder noch","eher unzutreffend","sehr zutreffend","sehr zutreffend","sehr unzutreffend","eher zutreffend","eher zutreffend","sehr zutreffend","eher zutreffend","weder noch","sehr zutreffend","weder noch","weder noch","weder noch",""
"2019/10/07 10:45:33 am CET","74","Weiblich","41","Normal","Nicht medizinisch","Gilt nicht","0","Über 10 Jahre","0","Pyramide in der virtuellen Realität","5","1","3","3","4","4","2","3","3","3","5","2","3","3","3","2","3","3","3","3","weder noch","eher unzutreffend","eher zutreffend","eher unzutreffend","eher zutreffend","sehr zutreffend","eher zutreffend","eher unzutreffend","eher zutreffend","eher zutreffend","eher unzutreffend","sehr unzutreffend","eher zutreffend","eher unzutreffend","sehr zutreffend","eher zutreffend","eher unzutreffend","eher zutreffend","weder noch","eher zutreffend","eher unzutreffend",""
"2019/10/09 9:09:22 am CET","72","Weiblich","32","Korrigiert (Du hast heute eine Brille oder Kontaktlinsen getragen)","Medizinisch","Gilt nicht","6 - 10 Jahre","Über 10 Jahre","0","Pyramide in der virtuellen Realität","4","1","5","2","5","1","4","1","5","1","4","1","4","2","5","1","4","1","5","2","eher unzutreffend","sehr unzutreffend","eher zutreffend","weder noch","eher zutreffend","eher zutreffend","weder noch","eher unzutreffend","eher unzutreffend","weder noch","eher unzutreffend","sehr unzutreffend","eher zutreffend","eher unzutreffend","eher zutreffend","eher zutreffend","sehr unzutreffend","eher zutreffend","weder noch","weder noch","eher unzutreffend",""
"2019/10/09 2:36:35 pm CET","53","Weiblich","24","Normal","Medizinisch","Gilt nicht","4 - 6 Jahre","Über 10 Jahre","0","Pyramide in der virtuellen Realität","4","1","5","1","4","1","5","1","4","2","3","1","4","1","3","1","4","1","3","1","eher unzutreffend","eher zutreffend","eher zutreffend","eher unzutreffend","eher zutreffend","sehr zutreffend","sehr zutreffend","eher zutreffend","sehr zutreffend","eher zutreffend","sehr unzutreffend","weder noch","eher zutreffend","eher unzutreffend","eher zutreffend","sehr zutreffend","weder noch","eher zutreffend","eher unzutreffend","sehr zutreffend","sehr unzutreffend",""
"2019/10/10 10:40:53 am CET","52","Weiblich","38","Normal","Medizinisch","Gilt nicht","Über 10 Jahre","Über 10 Jahre","0","Pyramide in der virtuellen Realität","2","1","4","1","4","2","5","2","4","3","1","1","5","3","3","3","4","3","4","2","sehr zutreffend","eher unzutreffend","sehr zutreffend","eher unzutreffend","eher zutreffend","eher unzutreffend","sehr zutreffend","eher unzutreffend","eher zutreffend","eher zutreffend","sehr zutreffend","weder noch","eher zutreffend","sehr zutreffend","eher zutreffend","eher unzutreffend","sehr unzutreffend","eher zutreffend","sehr zutreffend","sehr zutreffend","eher unzutreffend",""
"2019/10/10 2:07:29 pm CET","12","Männlich","27","Normal","Medizinisch","Gilt nicht","6 - 10 Jahre","4 - 6 Jahre","0","Leber in der virtuellen Realität","5","2","4","2","4","2","5","2","4","1","3","2","4","3","3","4","4","2","3","1","weder noch","eher unzutreffend","sehr zutreffend","eher unzutreffend","sehr zutreffend","weder noch","weder noch","sehr unzutreffend","eher zutreffend","sehr zutreffend","weder noch","weder noch","sehr zutreffend","eher unzutreffend","eher zutreffend","weder noch","eher zutreffend","sehr zutreffend","weder noch","eher zutreffend","eher unzutreffend",""
"2019/10/11 10:25:37 am CET","81","Männlich","40","Korrigiert (Du hast heute eine Brille oder Kontaktlinsen getragen)","Nicht medizinisch","Gilt nicht","0","Über 10 Jahre","0","Pyramide auf einem Computerbildschirm","1","1","5","4","5","4","5","1","5","1","1","1","5","4","5","1","4","1","5","1","eher zutreffend","eher unzutreffend","sehr zutreffend","weder noch","eher zutreffend","eher unzutreffend","eher zutreffend","weder noch","eher unzutreffend","weder noch","eher zutreffend","eher zutreffend","weder noch","eher unzutreffend","weder noch","eher unzutreffend","weder noch","eher zutreffend","weder noch","eher zutreffend","eher unzutreffend",""
"2019/10/15 1:25:15 pm CET","26","Weiblich","35","Korrigiert (Du hast heute eine Brille oder Kontaktlinsen getragen)","Nicht medizinisch","Gilt nicht","0","Über 10 Jahre","0","Leber auf einem Computerbildschirm","3","1","4","2","4","3","3","2","3","2","3","2","3","2","2","1","3","3","3","1","weder noch","eher unzutreffend","eher zutreffend","weder noch","eher zutreffend","weder noch","eher zutreffend","eher unzutreffend","weder noch","weder noch","eher unzutreffend","sehr unzutreffend","eher zutreffend","weder noch","eher zutreffend","weder noch","eher unzutreffend","eher zutreffend","weder noch","sehr zutreffend","sehr unzutreffend",""
"2019/10/15 1:26:07 pm CET","26","Weiblich","35","Korrigiert (Du hast heute eine Brille oder Kontaktlinsen getragen)","Nicht medizinisch","Gilt nicht","0","Über 10 Jahre","0","Leber auf einem Computerbildschirm","3","1","4","2","4","3","3","2","3","2","3","2","3","2","2","1","3","3","3","1","weder noch","eher unzutreffend","eher zutreffend","weder noch","eher zutreffend","weder noch","eher zutreffend","eher unzutreffend","weder noch","weder noch","eher unzutreffend","sehr unzutreffend","eher zutreffend","weder noch","eher zutreffend","weder noch","eher unzutreffend","eher zutreffend","weder noch","sehr zutreffend","sehr unzutreffend",""
"2019/10/15 2:24:21 pm CET","24","Weiblich","42","Korrigiert (Du hast heute eine Brille oder Kontaktlinsen getragen)","Nicht medizinisch","Gilt nicht","0","0","0","Leber in der virtuellen Realität","4","2","5","2","4","2","4","1","3","5","2","2","4","3","3","3","4","2","1","4","eher zutreffend","weder noch","sehr zutreffend","eher unzutreffend","eher zutreffend","eher zutreffend","eher unzutreffend","eher zutreffend","eher zutreffend","eher zutreffend","weder noch","weder noch","eher zutreffend","eher unzutreffend","weder noch","eher unzutreffend","eher zutreffend","sehr zutreffend","weder noch","eher unzutreffend","weder noch",""
"2019/10/15 5:17:59 pm CET","23","Männlich","27","Normal","Medizinisch","Assistenzarzt","2 - 4 Jahre","Über 10 Jahre","< 2 Jahre","Leber in der virtuellen Realität","4","3","4","1","5","4","5","1","5","1","3","4","2","1","3","3","2","4","1","1","eher unzutreffend","weder noch","eher zutreffend","sehr unzutreffend","sehr zutreffend","eher zutreffend","sehr zutreffend","eher unzutreffend","eher zutreffend","weder noch","eher unzutreffend","eher unzutreffend","eher zutreffend","eher unzutreffend","sehr zutreffend","weder noch","eher unzutreffend","eher zutreffend","weder noch","eher zutreffend","sehr unzutreffend","Amblyopie, stereoscopic vision impaired, right eye dominant (110%)"
"2019/10/16 10:08:36 am CET","32","Weiblich","24","Korrigiert (Du hast heute eine Brille oder Kontaktlinsen getragen)","Medizinisch","Gilt nicht","0","Über 10 Jahre","0","Leber in der virtuellen Realität","5","2","2","5","5","2","2","1","5","5","5","3","3","4","5","2","3","1","3","5","eher unzutreffend","sehr zutreffend","eher zutreffend","sehr unzutreffend","sehr zutreffend","eher zutreffend","sehr zutreffend","eher unzutreffend","weder noch","weder noch","eher unzutreffend","eher unzutreffend","eher zutreffend","eher unzutreffend","eher zutreffend","weder noch","eher unzutreffend","sehr zutreffend","eher zutreffend","sehr zutreffend","eher zutreffend",""
"2019/10/16 11:25:29 am CET","22","Weiblich","25","Korrigiert (Du hast heute eine Brille oder Kontaktlinsen getragen)","Medizinisch","Gilt nicht","4 - 6 Jahre","Über 10 Jahre","0","Leber auf einem Computerbildschirm","5","5","4","5","5","1","5","1","3","4","5","5","5","2","5","1","5","1","4","1","eher zutreffend","sehr unzutreffend","sehr zutreffend","sehr unzutreffend","sehr zutreffend","eher zutreffend","weder noch","eher zutreffend","sehr unzutreffend","sehr zutreffend","weder noch","sehr unzutreffend","weder noch","eher zutreffend","sehr zutreffend","eher zutreffend","sehr unzutreffend","sehr zutreffend","eher zutreffend","sehr zutreffend","eher unzutreffend",""
"2019/10/17 9:31:09 am CET","35","Männlich","22","Korrigiert (Du hast heute eine Brille oder Kontaktlinsen getragen)","Medizinisch","Gilt nicht","4 - 6 Jahre","Über 10 Jahre","< 2 Jahre","Leber auf einem Computerbildschirm","5","1","4","1","5","1","3","1","5","2","5","1","4","1","5","1","3","2","5","2","eher zutreffend","eher zutreffend","sehr zutreffend","sehr unzutreffend","eher zutreffend","eher zutreffend","eher zutreffend","eher unzutreffend","eher zutreffend","weder noch","eher zutreffend","weder noch","eher zutreffend","sehr unzutreffend","eher zutreffend","eher unzutreffend","eher unzutreffend","sehr zutreffend","sehr unzutreffend","eher unzutreffend","eher zutreffend",""
"2019/10/17 10:54:34 am CET","36","Männlich","28","Normal","Medizinisch","Gilt nicht","4 - 6 Jahre","Über 10 Jahre","0","Leber auf einem Computerbildschirm","5","4","4","5","4","2","5","4","4","1","5","1","4","5","5","1","5","3","4","1","eher unzutreffend","sehr unzutreffend","eher zutreffend","eher unzutreffend","eher zutreffend","sehr zutreffend","eher zutreffend","sehr unzutreffend","sehr zutreffend","eher zutreffend","eher zutreffend","eher unzutreffend","eher zutreffend","sehr unzutreffend","weder noch","eher zutreffend","weder noch","sehr zutreffend","sehr unzutreffend","weder noch","eher unzutreffend",""
"2019/10/17 11:34:29 am CET","50","Weiblich","27","Normal","Medizinisch","Gilt nicht","0","Über 10 Jahre","0","Pyramide in der virtuellen Realität","5","1","5","5","5","1","5","1","4","4","5","1","5","4","5","1","5","1","5","1","eher zutreffend","sehr zutreffend","sehr zutreffend","sehr unzutreffend","sehr zutreffend","eher zutreffend","eher zutreffend","sehr unzutreffend","eher unzutreffend","sehr zutreffend","eher zutreffend","sehr unzutreffend","eher zutreffend","eher zutreffend","eher zutreffend","eher zutreffend","sehr unzutreffend","eher zutreffend","eher zutreffend","sehr zutreffend","sehr unzutreffend",""
"2019/10/17 1:42:19 pm CET","51","Weiblich","31","Normal","Medizinisch","Assistenzarzt","2 - 4 Jahre","4 - 6 Jahre","0","Pyramide in der virtuellen Realität","5","2","4","3","5","2","2","3","4","4","4","2","3","4","4","3","3","3","4","3","eher zutreffend","eher unzutreffend","eher zutreffend","eher zutreffend","eher zutreffend","eher zutreffend","weder noch","eher unzutreffend","sehr zutreffend","weder noch","weder noch","eher unzutreffend","weder noch","weder noch","weder noch","weder noch","weder noch","weder noch","eher unzutreffend","eher zutreffend","eher unzutreffend",""
"2019/10/17 2:42:20 pm CET","37","Männlich","53","Korrigiert (Du hast heute eine Brille oder Kontaktlinsen getragen)","Medizinisch","Oberarzt","Über 10 Jahre","Über 10 Jahre","< 2 Jahre","Leber auf einem Computerbildschirm","5","1","5","1","5","2","5","5","5","1","5","1","5","5","5","2","5","1","5","1","sehr unzutreffend","eher zutreffend","eher zutreffend","sehr unzutreffend","sehr zutreffend","eher zutreffend","eher unzutreffend","sehr unzutreffend","weder noch","eher unzutreffend","eher unzutreffend","eher unzutreffend","eher zutreffend","sehr unzutreffend","eher zutreffend","eher zutreffend","eher zutreffend","eher zutreffend","sehr unzutreffend","eher zutreffend","eher unzutreffend",""
"2019/10/17 4:28:29 pm CET","71","Männlich","40","Korrigiert (Du hast heute eine Brille oder Kontaktlinsen getragen)","Medizinisch","Oberarzt","Über 10 Jahre","Über 10 Jahre","< 2 Jahre","Pyramide in der virtuellen Realität","3","3","5","1","5","1","5","1","5","1","3","3","5","1","4","5","5","4","5","1","sehr unzutreffend","eher unzutreffend","eher zutreffend","sehr unzutreffend","eher zutreffend","eher zutreffend","sehr zutreffend","eher unzutreffend","sehr zutreffend","eher zutreffend","sehr unzutreffend","eher zutreffend","sehr zutreffend","eher unzutreffend","sehr zutreffend","eher zutreffend","eher zutreffend","sehr zutreffend","eher unzutreffend","eher zutreffend","sehr unzutreffend",""
"2019/10/17 5:02:10 pm CET","31","Männlich","26","Korrigiert (Du hast heute eine Brille oder Kontaktlinsen getragen)","Medizinisch","Assistenzarzt","< 2 Jahre","Über 10 Jahre","0","Leber auf einem Computerbildschirm","3","1","5","3","3","2","4","1","3","3","4","1","5","3","3","2","4","1","3","2","weder noch","eher zutreffend","eher zutreffend","eher unzutreffend","sehr zutreffend","weder noch","weder noch","sehr unzutreffend","eher zutreffend","weder noch","eher unzutreffend","eher zutreffend","sehr zutreffend","sehr unzutreffend","eher unzutreffend","eher zutreffend","weder noch","sehr zutreffend","eher unzutreffend","eher unzutreffend","sehr zutreffend",""
"2019/10/17 5:46:52 pm CET","33","Männlich","34","Korrigiert (Du hast heute eine Brille oder Kontaktlinsen getragen)","Medizinisch","Assistenzarzt","2 - 4 Jahre","Über 10 Jahre","0","Leber auf einem Computerbildschirm","4","2","4","1","4","1","4","2","4","1","2","2","3","1","3","3","4","3","3","1","weder noch","weder noch","weder noch","eher unzutreffend","eher zutreffend","eher zutreffend","eher zutreffend","weder noch","weder noch","weder noch","eher unzutreffend","eher unzutreffend","weder noch","eher unzutreffend","eher zutreffend","eher zutreffend","eher unzutreffend","weder noch","weder noch","eher zutreffend","eher unzutreffend",""
"2019/10/18 10:17:32 am CET","34","Männlich","37","Normal","Medizinisch","Oberarzt","Über 10 Jahre","Über 10 Jahre","0","Leber auf einem Computerbildschirm","3","2","5","3","4","2","4","2","4","1","2","3","5","2","4","2","5","2","4","2","weder noch","eher zutreffend","eher zutreffend","eher unzutreffend","sehr zutreffend","sehr zutreffend","weder noch","sehr zutreffend","sehr zutreffend","sehr zutreffend","weder noch","eher zutreffend","sehr zutreffend","eher unzutreffend","sehr zutreffend","sehr zutreffend","weder noch","sehr zutreffend","sehr unzutreffend","sehr zutreffend","sehr unzutreffend",""
"2019/10/18 10:41:24 am CET","49","Männlich","31","Normal","Medizinisch","Assistenzarzt","2 - 4 Jahre","Über 10 Jahre","0","Leber auf einem Computerbildschirm","5","1","5","3","5","1","5","1","4","1","4","1","5","1","5","1","5","1","4","1","eher unzutreffend","eher unzutreffend","sehr zutreffend","sehr unzutreffend","sehr zutreffend","sehr zutreffend","eher zutreffend","sehr unzutreffend","sehr zutreffend","weder noch","sehr unzutreffend","weder noch","eher zutreffend","eher unzutreffend","eher zutreffend","weder noch","weder noch","sehr zutreffend","eher unzutreffend","weder noch","weder noch",""
"2019/10/18 12:27:02 pm CET","7","Weiblich","24","Normal","Medizinisch","Gilt nicht","0","Über 10 Jahre","0","Leber in der virtuellen Realität","4","2","2","1","4","2","5","2","1","5","4","1","5","1","5","2","5","3","4","2","sehr unzutreffend","sehr zutreffend","eher zutreffend","sehr zutreffend","sehr zutreffend","eher zutreffend","eher unzutreffend","eher unzutreffend","sehr unzutreffend","eher unzutreffend","sehr unzutreffend","weder noch","sehr unzutreffend","eher zutreffend","sehr zutreffend","eher zutreffend","eher zutreffend","eher unzutreffend","sehr zutreffend","eher zutreffend","sehr unzutreffend",""
"2019/10/18 1:03:21 pm CET","21","Männlich","24","Normal","Nicht medizinisch","Gilt nicht","0","Über 10 Jahre","< 2 Jahre","Leber in der virtuellen Realität","4","1","5","1","5","1","4","1","3","2","2","3","3","4","2","1","5","2","3","2","sehr zutreffend","sehr unzutreffend","eher unzutreffend","weder noch","eher unzutreffend","eher unzutreffend","weder noch","sehr zutreffend","sehr zutreffend","eher zutreffend","sehr zutreffend","sehr zutreffend","eher unzutreffend","eher unzutreffend","eher unzutreffend","sehr unzutreffend","sehr zutreffend","weder noch","sehr zutreffend","eher zutreffend","eher unzutreffend",""
"2019/10/18 3:26:17 pm CET","65","Weiblich","32","Korrigiert (Du hast heute eine Brille oder Kontaktlinsen getragen)","Medizinisch","Assistenzarzt","2 - 4 Jahre","Über 10 Jahre","0","Pyramide in der virtuellen Realität","5","1","5","1","5","1","5","1","5","1","2","1","1","1","1","1","2","1","1","1","sehr unzutreffend","eher zutreffend","sehr zutreffend","sehr unzutreffend","sehr zutreffend","sehr zutreffend","sehr zutreffend","eher unzutreffend","sehr zutreffend","sehr zutreffend","eher unzutreffend","sehr zutreffend","sehr zutreffend","eher unzutreffend","sehr zutreffend","sehr zutreffend","sehr zutreffend","sehr zutreffend","sehr unzutreffend","sehr zutreffend","sehr unzutreffend",""
"2019/10/18 4:13:04 pm CET","48","Keine Angabe","24","Korrigiert (Du hast heute eine Brille oder Kontaktlinsen getragen)","Nicht medizinisch","Gilt nicht","0","6 - 10 Jahre","0","Leber auf einem Computerbildschirm","3","1","4","2","3","4","3","2","3","2","4","2","5","5","3","3","3","2","4","1","weder noch","eher zutreffend","sehr zutreffend","eher unzutreffend","sehr zutreffend","sehr zutreffend","sehr zutreffend","eher zutreffend","eher unzutreffend","sehr zutreffend","eher unzutreffend","sehr unzutreffend","weder noch","eher zutreffend","sehr zutreffend","sehr zutreffend","sehr unzutreffend","eher zutreffend","weder noch","sehr zutreffend","sehr unzutreffend",""
"2019/10/21 1:23:15 pm CET","6","Männlich","25","Normal","Nicht medizinisch","Gilt nicht","0","Über 10 Jahre","< 2 Jahre","Leber in der virtuellen Realität","4","1","4","1","4","2","4","1","3","2","3","3","4","3","4","3","4","4","2","3","weder noch","weder noch","eher zutreffend","eher zutreffend","sehr zutreffend","eher zutreffend","eher zutreffend","eher zutreffend","weder noch","eher zutreffend","weder noch","eher unzutreffend","weder noch","eher unzutreffend","sehr zutreffend","weder noch","eher unzutreffend","eher zutreffend","weder noch","sehr zutreffend","sehr unzutreffend",""
"2019/10/21 2:37:03 pm CET","47","Männlich","24","Korrigiert (Du hast heute eine Brille oder Kontaktlinsen getragen)","Medizinisch","Gilt nicht","0","Über 10 Jahre","0","Leber auf einem Computerbildschirm","5","1","5","1","5","1","4","1","5","1","4","1","5","1","5","1","5","1","5","1","eher unzutreffend","weder noch","sehr zutreffend","eher unzutreffend","sehr zutreffend","sehr zutreffend","weder noch","sehr unzutreffend","eher unzutreffend","sehr zutreffend","weder noch","weder noch","sehr zutreffend","eher unzutreffend","eher zutreffend","eher zutreffend","weder noch","sehr zutreffend","weder noch","eher zutreffend","eher unzutreffend",""
"2019/10/22 8:37:40 am CET","46","Männlich","35","Normal","Nicht medizinisch","Gilt nicht","0","Über 10 Jahre","0","Leber auf einem Computerbildschirm","5","2","5","1","5","1","5","2","4","1","3","1","4","1","5","1","5","1","4","1","sehr unzutreffend","weder noch","eher zutreffend","sehr unzutreffend","sehr zutreffend","sehr zutreffend","eher zutreffend","eher zutreffend","eher unzutreffend","eher unzutreffend","sehr unzutreffend","eher unzutreffend","eher zutreffend","sehr unzutreffend","sehr zutreffend","sehr zutreffend","sehr unzutreffend","eher zutreffend","eher unzutreffend","eher zutreffend","eher unzutreffend",""
"2019/10/22 3:39:45 pm CET","70","Divers","29","Korrigiert (Du hast heute eine Brille oder Kontaktlinsen getragen)","Nicht medizinisch","Gilt nicht","0","Über 10 Jahre","0","Pyramide in der virtuellen Realität","2","1","3","1","4","1","4","1","4","1","4","1","4","1","4","1","4","1","4","1","eher unzutreffend","eher unzutreffend","eher zutreffend","eher unzutreffend","sehr zutreffend","eher zutreffend","weder noch","weder noch","eher zutreffend","eher zutreffend","sehr unzutreffend","eher zutreffend","eher unzutreffend","weder noch","eher zutreffend","eher zutreffend","eher unzutreffend","eher zutreffend","eher unzutreffend","eher zutreffend","sehr unzutreffend",""
"2019/10/22 4:00:10 pm CET","45","Weiblich","29","Korrigiert (Du hast heute eine Brille oder Kontaktlinsen getragen)","Nicht medizinisch","Gilt nicht","0","Über 10 Jahre","2 - 4 Jahre","Leber auf einem Computerbildschirm","4","1","4","1","4","1","4","2","4","1","3","3","2","1","2","3","4","4","3","1","eher unzutreffend","eher zutreffend","eher zutreffend","eher unzutreffend","sehr zutreffend","sehr zutreffend","eher zutreffend","eher unzutreffend","eher unzutreffend","eher zutreffend","eher unzutreffend","eher zutreffend","sehr zutreffend","eher unzutreffend","sehr zutreffend","eher zutreffend","eher zutreffend","sehr zutreffend","eher unzutreffend","sehr zutreffend","sehr unzutreffend",""
"2019/10/23 2:05:48 pm CET","99","Männlich","19","Korrigiert (Du hast heute eine Brille oder Kontaktlinsen getragen)","Nicht medizinisch","Gilt nicht","0","4 - 6 Jahre","0","Pyramide auf einem Computerbildschirm","3","1","4","1","5","1","4","1","5","1","4","1","4","1","4","1","4","1","5","1","eher unzutreffend","eher zutreffend","eher zutreffend","eher zutreffend","eher zutreffend","eher zutreffend","sehr zutreffend","sehr zutreffend","eher unzutreffend","sehr zutreffend","sehr zutreffend","sehr zutreffend","eher unzutreffend","sehr zutreffend","eher zutreffend","eher unzutreffend","sehr zutreffend","eher unzutreffend","sehr zutreffend","sehr zutreffend","sehr unzutreffend",""
"2019/10/23 3:58:27 pm CET","69","Weiblich","33","Korrigiert (Du hast heute eine Brille oder Kontaktlinsen getragen)","Medizinisch","Gilt nicht","4 - 6 Jahre","Über 10 Jahre","0","Pyramide in der virtuellen Realität","5","1","5","1","4","1","5","1","4","1","1","5","2","5","3","2","2","2","2","4","eher unzutreffend","eher unzutreffend","eher zutreffend","eher zutreffend","sehr zutreffend","eher zutreffend","eher zutreffend","eher unzutreffend","eher unzutreffend","eher zutreffend","sehr unzutreffend","eher unzutreffend","weder noch","eher unzutreffend","eher zutreffend","eher zutreffend","eher unzutreffend","eher zutreffend","sehr zutreffend","sehr zutreffend","sehr unzutreffend",""
"2019/10/24 12:51:01 pm CET","98","Weiblich","24","Normal;Farbblind oder -defizient","Medizinisch","Gilt nicht","< 2 Jahre","Über 10 Jahre","0","Pyramide auf einem Computerbildschirm","5","1","5","2","5","1","4","1","4","2","4","3","2","3","2","4","3","2","2","1","eher zutreffend","sehr unzutreffend","weder noch","eher zutreffend","sehr zutreffend","eher zutreffend","sehr zutreffend","eher unzutreffend","eher unzutreffend","sehr zutreffend","eher unzutreffend","eher zutreffend","eher zutreffend","eher zutreffend","weder noch","eher zutreffend","sehr unzutreffend","sehr zutreffend","sehr zutreffend","sehr zutreffend","sehr unzutreffend",""
"2019/10/24 1:35:39 pm CET","94","Weiblich","30","Korrigiert (Du hast heute eine Brille oder Kontaktlinsen getragen)","Medizinisch","Gilt nicht","6 - 10 Jahre","6 - 10 Jahre","0","Pyramide auf einem Computerbildschirm","2","2","4","2","5","1","4","1","3","2","1","2","4","4","4","2","3","3","1","4","weder noch","eher zutreffend","eher zutreffend","eher unzutreffend","eher unzutreffend","eher zutreffend","eher zutreffend","eher zutreffend","sehr zutreffend","eher zutreffend","eher unzutreffend","weder noch","weder noch","eher zutreffend","eher unzutreffend","weder noch","sehr unzutreffend","weder noch","eher zutreffend","sehr unzutreffend","sehr zutreffend",""
"2019/10/24 2:25:45 pm CET","93","Männlich","38","Korrigiert (Du hast heute eine Brille oder Kontaktlinsen getragen)","Nicht medizinisch","Gilt nicht","0","Über 10 Jahre","< 2 Jahre","Pyramide auf einem Computerbildschirm","4","2","4","1","5","2","5","2","4","1","4","2","5","2","4","1","5","1","4","2","eher zutreffend","sehr unzutreffend","eher zutreffend","eher unzutreffend","eher zutreffend","weder noch","eher zutreffend","eher unzutreffend","weder noch","eher zutreffend","eher zutreffend","eher zutreffend","eher zutreffend","eher zutreffend","weder noch","eher unzutreffend","eher unzutreffend","eher zutreffend","eher zutreffend","sehr zutreffend","sehr unzutreffend",""
"2019/10/25 8:47:35 am CET","92","Weiblich","30","Normal","Nicht medizinisch","Gilt nicht","0","Über 10 Jahre","< 2 Jahre","Pyramide auf einem Computerbildschirm","5","1","5","1","5","1","4","1","5","1","5","1","5","1","5","1","5","1","5","1","eher unzutreffend","sehr unzutreffend","sehr zutreffend","sehr unzutreffend","eher zutreffend","eher zutreffend","eher zutreffend","eher unzutreffend","weder noch","eher zutreffend","eher unzutreffend","sehr unzutreffend","eher zutreffend","eher unzutreffend","eher zutreffend","sehr zutreffend","eher unzutreffend","sehr zutreffend","eher unzutreffend","sehr zutreffend","sehr unzutreffend",""
"2019/10/25 11:14:17 am CET","61","Männlich","24","Korrigiert (Du hast heute eine Brille oder Kontaktlinsen getragen)","Nicht medizinisch","Gilt nicht","0","Über 10 Jahre","< 2 Jahre","Pyramide in der virtuellen Realität","4","1","4","1","5","2","4","1","4","1","3","1","3","1","4","3","3","4","3","2","weder noch","eher zutreffend","eher zutreffend","eher zutreffend","sehr zutreffend","sehr zutreffend","weder noch","eher zutreffend","eher unzutreffend","sehr zutreffend","eher unzutreffend","eher zutreffend","eher unzutreffend","weder noch","eher zutreffend","weder noch","weder noch","eher zutreffend","eher unzutreffend","weder noch","sehr unzutreffend",""
"2019/10/29 12:54:13 pm CET","60","Weiblich","52","Korrigiert (Du hast heute eine Brille oder Kontaktlinsen getragen)","Nicht medizinisch","Gilt nicht","0","Über 10 Jahre","0","Pyramide in der virtuellen Realität","3","1","4","2","3","2","3","1","3","2","4","1","4","3","4","1","4","1","4","2","sehr unzutreffend","weder noch","eher zutreffend","sehr unzutreffend","sehr zutreffend","sehr zutreffend","eher zutreffend","eher unzutreffend","eher unzutreffend","eher zutreffend","eher unzutreffend","eher unzutreffend","sehr zutreffend","eher unzutreffend","sehr zutreffend","sehr zutreffend","eher unzutreffend","sehr zutreffend","eher unzutreffend","sehr zutreffend","sehr unzutreffend",""
"2019/11/04 4:18:33 pm CET","59","Weiblich","26","Korrigiert (Du hast heute eine Brille oder Kontaktlinsen getragen)","Nicht medizinisch","Gilt nicht","0","Über 10 Jahre","0","Pyramide in der virtuellen Realität","5","1","5","1","4","2","5","1","5","1","5","1","4","1","4","1","4","2","5","1","weder noch","eher unzutreffend","eher zutreffend","eher unzutreffend","sehr zutreffend","eher zutreffend","sehr zutreffend","weder noch","eher unzutreffend","weder noch","sehr unzutreffend","eher unzutreffend","eher zutreffend","sehr unzutreffend","sehr zutreffend","eher zutreffend","weder noch","weder noch","weder noch","sehr zutreffend","sehr unzutreffend",""
"2019/11/07 12:48:37 pm CET","58","Weiblich","24","Normal","Medizinisch","Gilt nicht","0","6 - 10 Jahre","0","Pyramide in der virtuellen Realität","4","1","5","2","5","1","5","1","4","1","2","3","4","1","4","4","2","2","3","4","eher zutreffend","eher zutreffend","eher zutreffend","sehr zutreffend","sehr zutreffend","sehr zutreffend","sehr zutreffend","weder noch","eher unzutreffend","weder noch","eher unzutreffend","weder noch","sehr zutreffend","eher zutreffend","sehr zutreffend","eher zutreffend","eher unzutreffend","eher zutreffend","eher zutreffend","sehr zutreffend","sehr unzutreffend","You were very helpful."
"2019/11/07 3:58:12 pm CET","57","Männlich","42","Normal","Medizinisch","Oberarzt","Über 10 Jahre","Über 10 Jahre","< 2 Jahre","Pyramide in der virtuellen Realität","4","1","5","4","4","2","4","1","3","4","5","3","4","5","4","2","4","1","4","3","eher unzutreffend","eher zutreffend","eher zutreffend","eher unzutreffend","eher zutreffend","eher zutreffend","weder noch","weder noch","weder noch","weder noch","sehr unzutreffend","eher zutreffend","sehr zutreffend","weder noch","eher zutreffend","eher zutreffend","sehr zutreffend","eher zutreffend","eher unzutreffend","weder noch","eher unzutreffend",""
"2019/11/08 10:58:33 am CET","44","Weiblich","23","Normal","Medizinisch","Gilt nicht","0","Über 10 Jahre","0","Leber auf einem Computerbildschirm","4","1","5","1","4","1","4","1","5","1","3","4","2","3","3","1","3","3","2","1","eher unzutreffend","eher unzutreffend","sehr zutreffend","weder noch","sehr zutreffend","sehr zutreffend","weder noch","sehr unzutreffend","weder noch","eher zutreffend","sehr unzutreffend","weder noch","eher zutreffend","weder noch","eher zutreffend","eher zutreffend","eher zutreffend","eher zutreffend","eher unzutreffend","sehr zutreffend","sehr unzutreffend",""
"2019/11/08 1:03:18 pm CET","43","Weiblich","25","Normal","Nicht medizinisch","Gilt nicht","0","Über 10 Jahre","0","Leber auf einem Computerbildschirm","3","1","4","2","4","2","5","3","4","1","4","2","3","2","4","1","4","3","4","2","eher unzutreffend","weder noch","eher zutreffend","weder noch","sehr zutreffend","eher zutreffend","eher zutreffend","eher zutreffend","sehr unzutreffend","eher zutreffend","sehr unzutreffend","eher unzutreffend","weder noch","eher zutreffend","sehr zutreffend","sehr zutreffend","eher unzutreffend","eher unzutreffend","weder noch","sehr zutreffend","eher unzutreffend","Der Mechanismus zum drehen der Leber im UI war etwas umständlich "
"2019/11/08 4:09:38 pm CET","1","Weiblich","27","Normal","Medizinisch","Gilt nicht","2 - 4 Jahre","Über 10 Jahre","0","Leber in der virtuellen Realität","4","3","3","4","3","2","2","3","1","1","3","3","2","4","3","3","1","3","1","1","eher unzutreffend","eher unzutreffend","eher zutreffend","weder noch","eher zutreffend","eher zutreffend","eher zutreffend","eher unzutreffend","eher unzutreffend","eher zutreffend","eher unzutreffend","eher unzutreffend","eher zutreffend","weder noch","sehr zutreffend","eher zutreffend","sehr unzutreffend","eher zutreffend","eher unzutreffend","eher zutreffend","sehr unzutreffend",""
"2019/11/08 6:17:48 pm CET","63","Männlich","25","Korrigiert (Du hast heute eine Brille oder Kontaktlinsen getragen)","Medizinisch","Gilt nicht","4 - 6 Jahre","Über 10 Jahre","0","Pyramide in der virtuellen Realität","3","1","5","1","5","3","3","1","5","1","1","2","5","3","4","2","2","4","3","1","eher unzutreffend","eher zutreffend","sehr zutreffend","sehr unzutreffend","sehr zutreffend","sehr zutreffend","eher zutreffend","eher unzutreffend","eher unzutreffend","sehr zutreffend","sehr unzutreffend","eher zutreffend","eher zutreffend","eher zutreffend","sehr zutreffend","sehr zutreffend","weder noch","eher unzutreffend","eher zutreffend","sehr zutreffend","eher unzutreffend",""
"2019/11/08 6:46:47 pm CET","62","Weiblich","31","Korrigiert (Du hast heute eine Brille oder Kontaktlinsen getragen)","Medizinisch","Gilt nicht","2 - 4 Jahre","Über 10 Jahre","0","Pyramide in der virtuellen Realität","3","2","5","1","2","1","5","1","4","1","1","2","1","1","3","3","1","5","1","1","weder noch","eher zutreffend","eher zutreffend","eher zutreffend","sehr zutreffend","sehr zutreffend","sehr zutreffend","eher unzutreffend","weder noch","sehr zutreffend","weder noch","eher zutreffend","eher zutreffend","weder noch","sehr zutreffend","eher zutreffend","eher zutreffend","sehr zutreffend","weder noch","eher zutreffend","sehr unzutreffend",""
"2019/11/08 7:48:46 pm CET","91","Weiblich","25","Korrigiert (Du hast heute eine Brille oder Kontaktlinsen getragen)","Medizinisch","Gilt nicht","4 - 6 Jahre","Über 10 Jahre","2 - 4 Jahre","Pyramide auf einem Computerbildschirm","4","2","3","2","5","2","4","2","3","1","4","1","5","1","5","1","5","2","5","1","eher unzutreffend","eher zutreffend","sehr zutreffend","eher zutreffend","sehr zutreffend","eher unzutreffend","eher zutreffend","sehr unzutreffend","eher unzutreffend","eher zutreffend","eher unzutreffend","eher unzutreffend","weder noch","eher zutreffend","weder noch","weder noch","weder noch","eher zutreffend","eher zutreffend","eher unzutreffend","eher zutreffend",""