{
    "pathToBlendFile": "Pyramid.blend",
    "meshList": [
		{
            "name": "MESphere",
            "color": "#edc948"
        },
        {
            "name": "MEPyramid",
            "color": "#bab0ac"
        },
        {
            "name": "MEPyramidDetails",
            "color": "#4e79a7"
        },
        {
            "name": "MEPyramidTip",
            "color": "#76b7b2"
        },
        {
            "name": "MEInternals",
            "color": "#e15759"
        }
    ]
}
