{
  "JSONVersion": "10",

  "meta": {
    "FirstName": "Abstract",
    "LastName": "Patient",
    "DateOfBirth": "16/04/2018",
    "DateOfOperation": "Unknown",
    "Sex": "f",
    "BodyPart": "Pyramid",
    "Diagnosis": "Unknown",
    "Details": "Unknown",
    "Warnings": [
    ]
  },

    "mesh": {
      "path": "mesh.json"
    },

    "additional information": [
      {
        "Name": "Overview",
        "File": "Info/overview.txt",
        "Tab": "Overview"
      },
      {
        "Name": "License",
        "File": "Info/license.txt",
        "Tab": "License"
      }
    ]
  }
