"Timestamp","Teilnehmer ID","Stereoskopie-Test","Trainingsfrage 1. Wie war die Farbe der Kugel im Modell?","Sicherheit für Trainingsfrage 1","Gruppe","Trainingsfrage 2. Wie viele Risse auf der Oberfläche der Pyramide gibt es?","Sicherheit für Trainingsfrage 2","Trainingsfrage 2. Wie viele Gefäßbäume gab es in der Lebervisualisierung (jeder Gefäßbaum hatte eine andere Farbe)?","Sicherheit für Trainingsfrage 2","Frage 1. Wo befindet sich die Kugel ausgehend von der oberen Kammer?","Sicherheit für Frage 1","Frage 2. Wo befindet sich die Kugel ausgehend von der mittleren Kammer?","Sicherheit für Frage 2","Frage 3. Wo befindet sich die Kugel ausgehend von der unteren Kammer?","Sicherheit für Frage 3","Frage 4. Wo befindet sich die Kugel ausgehend vom Eingang?","Sicherheit für Frage 4","Frage 5. Wo befindet sich die Kugel relativ zur Pyramidenspitze?","Sicherheit für Frage 5","Frage 1. Wo ist die Kugel in der Leber?","Sicherheit für Frage 1","Frage 2. Wo ist die Kugel ausgehend vom nächstgelegenen Zweig der Lebervenen (türkisblau)?","Sicherheit für Frage 2","Frage 3. Wo its die Kugel ausgehend von der Arterie (rot)?","Sicherheit für Frage 3","Frage 4. Wo ist die Kugel ausgehend vom Spalt auf der rechten Seite der Leber?","Sicherheit für Frage 4","Frage 5. Die Lebervenen (türkis) münden in die große `Vena cava inferior', die an der Leber vorbei läuft (dickes Gefäß, ebenfalls türkis, sichtbar von außerhalb der Leber). Wo befindet sich die Kugel ausgehend von dieser Vena cava inferior?","Sicherheit für Frage 5","Zusatzfrage 1. Wo befindet sich die Kugel im Bezug zum Segment 3?","Sicherheit für Zusatzfrage 1","Zusatzfrage 2. In welchem Lebersegment befindet sich die Kugel?","Sicherheit für Zusatzfrage 2"
"2019/08/26 5:41:54 pm CET","5","8","Gelb","10","HMD-Liv","","","Drei","10","","","","","","","","","","","rechts;oben (kranial);hinten (dorsal)","10","rechts;unten (kaudal);hinten (dorsal)","10","rechts;oben (kranial);hinten (dorsal)","10","rechts;hinten (dorsal)","10","rechts;vorne (ventral)","10","hinten (dorsal)","8","segment 2","8"
"2019/08/29 4:37:29 pm CET","38","10","Gelb","10","DT-Liv","","","Drei","9","","","","","","","","","","","links;oben (kranial);vorne (ventral)","8","unten (kaudal);vorne (ventral)","8","links;vorne (ventral)","5","links","4","links;vorne (ventral)","8","","","",""
"2019/09/12 12:45:07 pm CET","73","10","Gelb","10","HMD-Pyr","Zwei","5","","","rechts;unten;hinten","7","rechts;unten;hinten","6","rechts;oben;hinten","7","rechts;hinten","6","rechts;oben;hinten","7","","","","","","","","","","","","","",""
"2019/09/12 1:38:00 pm CET","11","9","Gelb","10","HMD-Liv","","","Zwei","7","","","","","","","","","","","links;oben (kranial);hinten (dorsal)","4","links;oben (kranial);hinten (dorsal)","4","links;vorne (ventral)","3","links;oben (kranial)","2","links;vorne (ventral)","3","","","",""
"2019/09/12 2:54:42 pm CET","83","9","Gelb","10","DT-Pyr","Zwei","1","","","rechts;unten;vorne","6","rechts;hinten","8","rechts;oben;hinten","7","rechts;oben;hinten","3","rechts;unten","3","","","","","","","","","","","","","",""
"2019/09/12 5:03:20 pm CET","10","10","Gelb","10","HMD-Liv","","","Drei","10","","","","","","","","","","","links;unten (kaudal);hinten (dorsal)","7","links;unten (kaudal);hinten (dorsal)","7","links;unten (kaudal);vorne (ventral)","6","links;unten (kaudal);hinten (dorsal)","6","links;oben (kranial);vorne (ventral)","8","darin","5","segment 3","4"
"2019/09/13 9:31:42 am CET","82","9","Gelb","10","DT-Pyr","Zwei","1","","","unten","3","vorne","2","oben","8","links","3","unten","8","","","","","","","","","","","","","",""
"2019/09/13 1:20:33 pm CET","67","6","Gelb","10","HMD-Pyr","Ein","6","","","unten;hinten","9","unten;hinten","9","oben;hinten","9","oben;hinten","9","unten;hinten","9","","","","","","","","","","","","","",""
"2019/09/13 2:31:41 pm CET","75","10","Gelb","10","DT-Pyr","Zwei","10","","","rechts;hinten","9","oben;hinten","10","links;oben","6","oben;hinten","8","rechts;unten","7","","","","","","","","","","","","","",""
"2019/09/13 4:37:50 pm CET","97","10","Gelb","10","DT-Pyr","Zwei","8","","","unten;hinten","5","oben;hinten","6","oben;hinten","6","oben;hinten","6","unten;hinten","6","","","","","","","","","","","","","",""
"2019/09/16 8:56:55 am CET","96","10","Gelb","10","DT-Pyr","Zwei","10","","","unten;hinten","9","hinten","10","oben;hinten","9","oben;hinten","7","unten","10","","","","","","","","","","","","","",""
"2019/09/16 9:44:36 am CET","77","10","Gelb","9","DT-Pyr","Zwei","2","","","unten;hinten","8","links;oben;hinten","8","oben;hinten","6","oben;vorne","6","links;unten;hinten","7","","","","","","","","","","","","","",""
"2019/09/16 1:21:07 pm CET","15","10","Gelb","10","HMD-Liv","","","Zwei","5","","","","","","","","","","","links;oben (kranial);vorne (ventral)","7","rechts;unten (kaudal);vorne (ventral)","5","links;oben (kranial);vorne (ventral)","3","links;oben (kranial);vorne (ventral)","3","links;oben (kranial);vorne (ventral)","3","","","",""
"2019/09/16 1:58:16 pm CET","68","10","Gelb","10","HMD-Pyr","Vier","7","","","unten;hinten","9","hinten","9","oben;hinten","9","hinten","10","unten;hinten","10","","","","","","","","","","","","","",""
"2019/09/17 10:15:15 am CET","76","10","Gelb","10","DT-Pyr","Zwei","7","","","rechts;unten;hinten","7","links;hinten","7","links;oben;hinten","8","rechts;oben;hinten","6","links;unten;vorne","6","","","","","","","","","","","","","",""
"2019/09/17 12:54:30 pm CET","14","6","Gelb","10","HMD-Liv","","","Zwei","9","","","","","","","","","","","links","10","unten (kaudal)","6","hinten (dorsal)","7","links","4","rechts","1","","","",""
"2019/09/17 1:20:37 pm CET","79","10","Gelb","10","DT-Pyr","Drei","2","","","rechts;unten","5","rechts;hinten","7","rechts;oben;hinten","5","rechts;hinten","4","rechts;unten;hinten","5","","","","","","","","","","","","","",""
"2019/09/17 2:13:39 pm CET","78","6","Gelb","10","DT-Pyr","Zwei","5","","","rechts;unten;hinten","8","rechts;oben;hinten","8","rechts;oben;hinten","8","oben;hinten","6","unten;hinten","5","","","","","","","","","","","","","",""
"2019/09/18 9:52:02 am CET","13","7","Gelb","10","HMD-Liv","","","Ein","7","","","","","","","","","","","links;oben (kranial)","8","rechts;oben (kranial)","4","links;unten (kaudal)","6","links;oben (kranial)","7","links;oben (kranial)","7","","","",""
"2019/09/18 10:30:47 am CET","30","10","Gelb","10","DT-Liv","","","Zwei","2","","","","","","","","","","","links;oben (kranial);hinten (dorsal)","7","links;oben (kranial);vorne (ventral);hinten (dorsal)","5","rechts;oben (kranial);vorne (ventral)","2","links;oben (kranial);vorne (ventral)","2","links;oben (kranial);hinten (dorsal)","7","unten (caudal)","1","segment 2","1"
"2019/09/20 2:34:29 pm CET","29","10","Gelb","10","DT-Liv","","","Drei","8","","","","","","","","","","","links;oben (kranial);vorne (ventral)","9","links;vorne (ventral)","8","links;vorne (ventral)","7","unten (kaudal);hinten (dorsal)","6","links;oben (kranial);vorne (ventral)","5","","","",""
"2019/09/20 3:11:33 pm CET","80","4","Gelb","10","DT-Pyr","Zwei","3","","","rechts;unten;hinten","10","rechts;hinten","10","oben;hinten","8","rechts;unten;hinten","8","unten","8","","","","","","","","","","","","","",""
"2019/10/07 10:30:08 am CET","74","10","Gelb","10","HMD-Pyr","Zwei","8","","","vorne","10","vorne","8","vorne","8","vorne","8","vorne","6","","","","","","","","","","","","","",""
"2019/10/09 8:58:00 am CET","72","10","Gelb","10","HMD-Pyr","Zwei","6","","","unten;vorne","5","oben;hinten","5","oben;hinten","6","oben;hinten","8","unten;hinten","7","","","","","","","","","","","","","",""
"2019/10/09 2:22:59 pm CET","53","10","Gelb","10","HMD-Pyr","Ein","6","","","unten;hinten","4","rechts;hinten","2","oben;hinten","2","unten","1","rechts;unten;hinten","2","","","","","","","","","","","","","",""
"2019/10/10 10:21:36 am CET","52","10","Gelb","10","HMD-Pyr","Zwei","3","","","unten;hinten","6","rechts;unten;vorne","7","rechts;oben;hinten","7","rechts;oben;hinten","5","rechts;unten;hinten","7","","","","","","","","","","","","","",""
"2019/10/10 1:48:56 pm CET","12","7","Gelb","10","HMD-Liv","","","Drei","8","","","","","","","","","","","links;vorne (ventral)","10","links;unten (kaudal)","8","links;unten (kaudal)","3","links;unten (kaudal)","8","links;unten (kaudal)","5","","","",""
"2019/10/11 10:09:51 am CET","81","10","Gelb","10","DT-Pyr","Drei","4","","","rechts;unten;hinten","10","rechts;hinten","8","rechts;oben;hinten","10","rechts;oben;hinten","5","rechts;unten;hinten","7","","","","","","","","","","","","","",""
"2019/10/15 1:06:03 pm CET","26","9","Gelb","10","DT-Liv","","","Drei","8","","","","","","","","","","","links;oben (kranial);vorne (ventral)","6","oben (kranial);vorne (ventral)","5","links","3","links;oben (kranial)","4","links;oben (kranial);vorne (ventral)","5","","","",""
"2019/10/15 2:08:17 pm CET","24","10","Gelb","10","HMD-Liv","","","Zwei","10","","","","","","","","","","","rechts;vorne (ventral)","7","unten (kaudal);hinten (dorsal)","6","links","1","rechts","1","unten (kaudal);vorne (ventral)","3","","","",""
"2019/10/15 5:02:17 pm CET","23","8","Gelb","10","HMD-Liv","","","Zwei","5","","","","","","","","","","","rechts;oben (kranial)","8","hinten (dorsal)","7","hinten (dorsal)","5","rechts","8","rechts","10","oben (kranial)","7","segment 2","6"
"2019/10/16 9:42:41 am CET","32","8","Gelb","10","HMD-Liv","","","Zwei","7","","","","","","","","","","","links;unten (kaudal);vorne (ventral)","8","vorne (ventral)","7","links","4","links;oben (kranial);hinten (dorsal)","6","links;vorne (ventral)","6","links;vorne (ventral)","4","segment 7","2"
"2019/10/16 11:03:52 am CET","22","9","Gelb","10","DT-Liv","","","Drei","10","","","","","","","","","","","links","7","links;hinten (dorsal)","7","links;hinten (dorsal)","6","links;vorne (ventral)","7","links;oben (kranial);vorne (ventral)","6","links","2","segment 2","2"
"2019/10/17 9:15:40 am CET","35","10","Gelb","10","DT-Liv","","","Zwei","2","","","","","","","","","","","links;oben (kranial);hinten (dorsal)","8","links;oben (kranial)","7","links;oben (kranial)","7","links;hinten (dorsal)","8","links;vorne (ventral)","8","oben (kranial)","8","segment 2","7"
"2019/10/17 10:38:09 am CET","36","9","Gelb","10","DT-Liv","","","Drei","8","","","","","","","","","","","rechts;vorne (ventral)","7","rechts","7","oben (kranial)","5","links","5","vorne (ventral)","6","darin","7","segment 3","7"
"2019/10/17 11:17:44 am CET","50","10","Gelb","10","HMD-Pyr","Zwei","5","","","unten;hinten","7","oben;vorne","7","oben;vorne","5","links;oben;hinten","6","unten;hinten","7","","","","","","","","","","","","","",""
"2019/10/17 1:27:49 pm CET","51","7","Gelb","10","HMD-Pyr","Ein","5","","","unten","9","hinten","5","oben","8","oben;hinten","8","unten;hinten","7","","","","","","","","","","","","","",""
"2019/10/17 1:36:32 pm CET","51","7","Gelb","10","HMD-Pyr","Ein","5","","","unten","9","hinten","5","oben","8","oben;hinten","8","unten;hinten","7","","","","","","","","","","","","","",""
"2019/10/17 2:29:48 pm CET","37","7","Gelb","10","DT-Liv","","","Drei","9","","","","","","","","","","","links;oben (kranial);hinten (dorsal)","10","links;oben (kranial)","8","links","7","links;oben (kranial)","7","links","10","oben (kranial)","10","segment 2","10"
"2019/10/17 4:16:41 pm CET","71","8","Gelb","10","HMD-Pyr","Drei","1","","","unten;hinten","10","hinten","10","oben;hinten","10","oben;hinten","10","unten;hinten","10","","","","","","","","","","","","","",""
"2019/10/17 4:47:54 pm CET","31","9","Gelb","10","DT-Liv","","","Drei","10","","","","","","","","","","","links;oben (kranial)","8","links;hinten (dorsal)","7","links;oben (kranial);hinten (dorsal)","6","links;unten (kaudal)","5","links;vorne (ventral)","8","oben (kranial)","5","segment 2","6"
"2019/10/17 5:34:27 pm CET","33","10","Gelb","10","DT-Liv","","","Drei","10","","","","","","","","","","","links;oben (kranial);hinten (dorsal)","8","unten (kaudal);hinten (dorsal)","7","hinten (dorsal)","7","links;vorne (ventral)","6","links;vorne (ventral)","8","oben (kranial)","5","segment 2","5"
"2019/10/18 10:08:00 am CET","34","9","Gelb","10","DT-Liv","","","Drei","5","","","","","","","","","","","links;oben (kranial);hinten (dorsal)","8","hinten (dorsal)","5","hinten (dorsal)","5","vorne (ventral)","5","vorne (ventral)","5","darin","10","segment 3","10"
"2019/10/18 10:30:54 am CET","49","10","Gelb","10","DT-Liv","","","Zwei","10","","","","","","","","","","","links;oben (kranial);vorne (ventral)","10","hinten (dorsal)","8","hinten (dorsal)","8","links;hinten (dorsal)","8","links;vorne (ventral)","10","unten (caudal)","9","segment 2","9"
"2019/10/18 12:04:13 pm CET","7","6","Gelb","3","HMD-Liv","","","Zwei","4","","","","","","","","","","","links;oben (kranial);vorne (ventral)","4","links;hinten (dorsal)","4","links;oben (kranial)","3","links;vorne (ventral)","3","links;unten (kaudal);vorne (ventral)","4","rechts;hinten (dorsal)","3","segment 7","1"
"2019/10/18 12:50:06 pm CET","21","8","Gelb","10","HMD-Liv","","","Zwei","5","","","","","","","","","","","links","8","links","9","links","7","links;oben (kranial)","6","links","9","","","",""
"2019/10/18 3:15:15 pm CET","65","8","Gelb","10","HMD-Pyr","Ein","1","","","unten;hinten","10","hinten","10","oben;hinten","10","hinten","10","unten;hinten","10","","","","","","","","","","","","","",""
"2019/10/18 3:53:08 pm CET","48","8","Gelb","10","DT-Liv","","","Zwei","4","","","","","","","","","","","links;oben (kranial);vorne (ventral)","9","links;vorne (ventral)","2","links;vorne (ventral)","1","links;oben (kranial);vorne (ventral)","2","links;oben (kranial);vorne (ventral)","2","","","",""
"2019/10/21 1:04:24 pm CET","6","10","Gelb","7","HMD-Liv","","","Drei","4","","","","","","","","","","","links;unten (kaudal);hinten (dorsal)","8","unten (kaudal);hinten (dorsal)","3","links;hinten (dorsal)","4","rechts;vorne (ventral)","4","links;unten (kaudal);vorne (ventral)","1","","","",""
"2019/10/21 2:25:39 pm CET","47","10","Gelb","10","DT-Liv","","","Drei","10","","","","","","","","","","","links;oben (kranial);vorne (ventral)","10","links;oben (kranial);hinten (dorsal)","10","links;oben (kranial);vorne (ventral)","6","links;oben (kranial);vorne (ventral)","6","links;oben (kranial);vorne (ventral)","6","oben (kranial)","3","segment 2","3"
"2019/10/22 8:23:29 am CET","46","10","Gelb","10","DT-Liv","","","Drei","6","","","","","","","","","","","links;oben (kranial);hinten (dorsal)","8","links;oben (kranial)","4","links;oben (kranial);vorne (ventral)","3","links;oben (kranial);hinten (dorsal)","5","links;oben (kranial);hinten (dorsal)","5","","","",""
"2019/10/22 3:25:54 pm CET","70","10","Gelb","10","HMD-Pyr","Ein","4","","","unten;hinten","10","hinten","10","oben;hinten","10","oben;hinten","10","hinten","10","","","","","","","","","","","","","",""
"2019/10/22 3:46:31 pm CET","45","8","Gelb","10","DT-Liv","","","Zwei","6","","","","","","","","","","","rechts;oben (kranial);hinten (dorsal)","9","oben (kranial);hinten (dorsal)","4","oben (kranial);hinten (dorsal)","2","rechts;oben (kranial);vorne (ventral)","4","rechts;oben (kranial);hinten (dorsal)","3","","","",""
"2019/10/23 1:52:38 pm CET","99","8","Gelb","10","DT-Pyr","Zwei","10","","","links;unten;hinten","6","rechts;unten;hinten","4","rechts;oben;hinten","4","links;rechts;oben;hinten","9","rechts;unten;hinten","10","","","","","","","","","","","","","",""
"2019/10/23 3:40:43 pm CET","69","10","Gelb","10","HMD-Pyr","Zwei","1","","","links;unten;vorne","7","links;oben;vorne","7","links;oben;hinten","6","rechts;unten;vorne","5","links;unten;hinten","4","","","","","","","","","","","","","",""
"2019/10/24 12:36:57 pm CET","98","10","Gelb","10","DT-Pyr","Ein","9","","","links;unten;hinten","7","links;hinten","7","links;oben;hinten","7","links;oben;hinten","9","unten;hinten","7","","","","","","","","","","","","","",""
"2019/10/24 1:18:51 pm CET","94","10","Gelb","10","DT-Pyr","Zwei","6","","","rechts;unten;vorne","5","rechts;oben;vorne","6","rechts;oben;vorne","6","rechts;oben;hinten","5","rechts;unten;vorne","5","","","","","","","","","","","","","",""
"2019/10/24 2:13:37 pm CET","93","10","Gelb","10","DT-Pyr","Ein","1","","","unten;hinten","8","hinten","10","oben;hinten","8","hinten","4","hinten","8","","","","","","","","","","","","","",""
"2019/10/25 8:34:58 am CET","92","9","Gelb","10","DT-Pyr","Drei","1","","","unten;vorne","10","oben;vorne","9","oben;vorne","8","oben;vorne","8","unten;vorne","6","","","","","","","","","","","","","",""
"2019/10/25 10:57:11 am CET","61","10","Gelb","10","HMD-Pyr","Zwei","7","","","rechts;unten;hinten","9","rechts;oben;hinten","8","rechts;oben","9","rechts;oben;hinten","9","rechts;unten;hinten","9","","","","","","","","","","","","","",""
"2019/10/29 12:38:48 pm CET","60","6","Gelb","10","HMD-Pyr","Zwei","10","","","unten;hinten","6","links;hinten","6","oben;vorne","7","oben;hinten","7","unten","9","","","","","","","","","","","","","",""
"2019/11/04 4:01:52 pm CET","59","6","Gelb","10","HMD-Pyr","Ein","8","","","oben;vorne","5","oben;vorne","8","oben;vorne","6","links;oben","9","rechts;oben","6","","","","","","","","","","","","","",""
"2019/11/07 12:32:44 pm CET","58","10","Gelb","10","HMD-Pyr","Drei","8","","","unten","6","oben","6","oben","8","oben","4","oben","8","","","","","","","","","","","","","",""
"2019/11/07 3:49:20 pm CET","57","10","Gelb","10","HMD-Pyr","Ein","6","","","unten;hinten","9","hinten","8","oben","8","hinten","7","unten;hinten","8","","","","","","","","","","","","","",""
"2019/11/08 10:48:02 am CET","44","9","Gelb","10","DT-Liv","","","Zwei","6","","","","","","","","","","","links;oben (kranial);hinten (dorsal)","5","links;unten (kaudal)","3","links;unten (kaudal)","3","links","4","oben (kranial);hinten (dorsal)","4","links","1","segment 5","1"
"2019/11/08 12:45:26 pm CET","43","10","Gelb","10","DT-Liv","","","Drei","7","","","","","","","","","","","links","6","unten (kaudal)","7","links;oben (kranial)","8","hinten (dorsal)","6","links;hinten (dorsal)","6","","","",""
"2019/11/08 3:51:31 pm CET","1","10","Gelb","10","HMD-Liv","","","Drei","8","","","","","","","","","","","links;hinten (dorsal)","8","unten (kaudal)","6","oben (kranial)","6","hinten (dorsal)","1","links;oben (kranial)","6","oben (kranial)","1","segment 3","2"
"2019/11/08 5:59:46 pm CET","63","9","Gelb","10","HMD-Pyr","Zwei","5","","","links;unten;hinten","9","links;vorne","6","links;oben;vorne","9","links;vorne","8","links;unten;vorne","3","","","","","","","","","","","","","",""
"2019/11/08 6:33:24 pm CET","62","10","Gelb","10","HMD-Pyr","Ein","7","","","rechts;unten;hinten","10","rechts;oben;hinten","10","rechts;oben;hinten","7","rechts;oben;hinten","5","rechts;unten;hinten","7","","","","","","","","","","","","","",""
"2019/11/08 7:32:42 pm CET","91","8","Gelb","10","DT-Pyr","Drei","4","","","rechts;unten;hinten","4","rechts;oben;hinten","5","rechts;oben;hinten","4","rechts;oben;hinten","2","rechts;unten;hinten","4","","","","","","","","","","","","","",""